{
  "project_info": {
    "project_number": "271696351351",
    "firebase_url": "https://cheriecakeapp-default-rtdb.asia-southeast1.firebasedatabase.app",
    "project_id": "cheriecakeapp",
    "storage_bucket": "cheriecakeapp.appspot.com"
  },
  "client": [
    {
      "client_info": {
        "mobilesdk_app_id": "1:271696351351:android:ffab5ad3ca2bb946bc7672",
        "android_client_info": {
          "package_name": "com.example.cakeproject"
        }
      },
      "oauth_client": [
        {
          "client_id": "271696351351-1kchvlb4p2spktvrd38frapj4ed6fvj0.apps.googleusercontent.com",
          "client_type": 3
        }
      ],
      "api_key": [
        {
          "current_key": "AIzaSyD3FkHtw-sQWnG5_wNDpG8fCrntxAp5SWs"
        }
      ],
      "services": {
        "appinvite_service": {
          "other_platform_oauth_client": [
            {
              "client_id": "271696351351-1kchvlb4p2spktvrd38frapj4ed6fvj0.apps.googleusercontent.com",
              "client_type": 3
            }
          ]
        }
      }
    },
    {
      "client_info": {
        "mobilesdk_app_id": "1:271696351351:android:f31cf71d7a63e75cbc7672",
        "android_client_info": {
          "package_name": "com.example.cherie"
        }
      },
      "oauth_client": [
        {
          "client_id": "271696351351-1kchvlb4p2spktvrd38frapj4ed6fvj0.apps.googleusercontent.com",
          "client_type": 3
        }
      ],
      "api_key": [
        {
          "current_key": "AIzaSyD3FkHtw-sQWnG5_wNDpG8fCrntxAp5SWs"
        }
      ],
      "services": {
        "appinvite_service": {
          "other_platform_oauth_client": [
            {
              "client_id": "271696351351-1kchvlb4p2spktvrd38frapj4ed6fvj0.apps.googleusercontent.com",
              "client_type": 3
            }
          ]
        }
      }
    },
    {
      "client_info": {
        "mobilesdk_app_id": "1:271696351351:android:b79342f2f29eacccbc7672",
        "android_client_info": {
          "package_name": "com.example.projectcake"
        }
      },
      "oauth_client": [
        {
          "client_id": "271696351351-1kchvlb4p2spktvrd38frapj4ed6fvj0.apps.googleusercontent.com",
          "client_type": 3
        }
      ],
      "api_key": [
        {
          "current_key": "AIzaSyD3FkHtw-sQWnG5_wNDpG8fCrntxAp5SWs"
        }
      ],
      "services": {
        "appinvite_service": {
          "other_platform_oauth_client": [
            {
              "client_id": "271696351351-1kchvlb4p2spktvrd38frapj4ed6fvj0.apps.googleusercontent.com",
              "client_type": 3
            }
          ]
        }
      }
    }
  ],
  "configuration_version": "1"
}